DROP TABLE "SZKOLAJAZDY"."HIBERNATE_SEQUENCES" cascade constraints;
DROP TABLE "SZKOLAJAZDY"."INSTRUKTORZY" cascade constraints;
DROP TABLE "SZKOLAJAZDY"."KATEGORIE" cascade constraints;
DROP TABLE "SZKOLAJAZDY"."KATEGORIE_INSTRUKTOROW" cascade constraints;
DROP TABLE "SZKOLAJAZDY"."KURSANCI" cascade constraints;
DROP TABLE "SZKOLAJAZDY"."PLATNOSCI" cascade constraints;
DROP TABLE "SZKOLAJAZDY"."REZERWACJE" cascade constraints;
DROP TABLE "SZKOLAJAZDY"."USLUGI" cascade constraints;
DROP FUNCTION "SZKOLAJAZDY"."CUSTOM_AUTH";
DROP FUNCTION "SZKOLAJAZDY"."CUSTOM_HASH";


--------------------------------------------------------
--  DDL for Table INSTRUKTORZY
--------------------------------------------------------

  CREATE TABLE "SZKOLAJAZDY"."INSTRUKTORZY" 
   (  "INSTRUKTOR_ID" NUMBER(19,0), 
  "CZY_ADMIN" NUMBER(19,0), 
  "DATA_DODANIA" DATE, 
  "EMAIL" VARCHAR2(20 CHAR), 
  "GODZ_ROZPOCZECIA" VARCHAR2(20 CHAR), 
  "GODZ_ZAKONCZENIA" VARCHAR2(20 CHAR), 
  "HASLO" VARCHAR2(20 CHAR), 
  "IMIE" VARCHAR2(20 CHAR), 
  "NAZWISKO" VARCHAR2(20 CHAR)
   ) SEGMENT CREATION IMMEDIATE 
  PCTFREE 10 PCTUSED 40 INITRANS 1 MAXTRANS 255 NOCOMPRESS LOGGING
  STORAGE(INITIAL 65536 NEXT 1048576 MINEXTENTS 1 MAXEXTENTS 2147483645
  PCTINCREASE 0 FREELISTS 1 FREELIST GROUPS 1 BUFFER_POOL DEFAULT FLASH_CACHE DEFAULT CELL_FLASH_CACHE DEFAULT)
  TABLESPACE "USERS" ;
--------------------------------------------------------
--  DDL for Table KATEGORIE
--------------------------------------------------------

  CREATE TABLE "SZKOLAJAZDY"."KATEGORIE" 
   (  "KATEGORIA_ID" NUMBER(19,0), 
  "SYMBOL" VARCHAR2(5 CHAR)
   ) SEGMENT CREATION IMMEDIATE 
  PCTFREE 10 PCTUSED 40 INITRANS 1 MAXTRANS 255 NOCOMPRESS LOGGING
  STORAGE(INITIAL 65536 NEXT 1048576 MINEXTENTS 1 MAXEXTENTS 2147483645
  PCTINCREASE 0 FREELISTS 1 FREELIST GROUPS 1 BUFFER_POOL DEFAULT FLASH_CACHE DEFAULT CELL_FLASH_CACHE DEFAULT)
  TABLESPACE "USERS" ;
--------------------------------------------------------
--  DDL for Table KATEGORIE_INSTRUKTOROW
--------------------------------------------------------

  CREATE TABLE "SZKOLAJAZDY"."KATEGORIE_INSTRUKTOROW" 
   (  "ID_WPISU" NUMBER(19,0), 
  "INSTRUCTOR_ID" NUMBER(19,0), 
  "KATEGORIA_ID" NUMBER(19,0)
   ) SEGMENT CREATION IMMEDIATE 
  PCTFREE 10 PCTUSED 40 INITRANS 1 MAXTRANS 255 NOCOMPRESS LOGGING
  STORAGE(INITIAL 65536 NEXT 1048576 MINEXTENTS 1 MAXEXTENTS 2147483645
  PCTINCREASE 0 FREELISTS 1 FREELIST GROUPS 1 BUFFER_POOL DEFAULT FLASH_CACHE DEFAULT CELL_FLASH_CACHE DEFAULT)
  TABLESPACE "USERS" ;
--------------------------------------------------------
--  DDL for Table KURSANCI
--------------------------------------------------------

  CREATE TABLE "SZKOLAJAZDY"."KURSANCI" 
   (  "KURSANT_ID" NUMBER(19,0), 
  "DATA_REJESTRACJI" DATE, 
  "EMAIL" VARCHAR2(20 CHAR), 
  "HASLO" VARCHAR2(20 CHAR), 
  "IMIE" VARCHAR2(20 CHAR), 
  "NAZWISKO" VARCHAR2(20 CHAR), 
  "PESEL" VARCHAR2(20 CHAR), 
  "PKK" VARCHAR2(20 CHAR)
   ) SEGMENT CREATION IMMEDIATE 
  PCTFREE 10 PCTUSED 40 INITRANS 1 MAXTRANS 255 NOCOMPRESS LOGGING
  STORAGE(INITIAL 65536 NEXT 1048576 MINEXTENTS 1 MAXEXTENTS 2147483645
  PCTINCREASE 0 FREELISTS 1 FREELIST GROUPS 1 BUFFER_POOL DEFAULT FLASH_CACHE DEFAULT CELL_FLASH_CACHE DEFAULT)
  TABLESPACE "USERS" ;
--------------------------------------------------------
--  DDL for Table PLATNOSCI
--------------------------------------------------------

  CREATE TABLE "SZKOLAJAZDY"."PLATNOSCI" 
   (  "PLATNOSC_ID" NUMBER(19,0), 
  "DATA_PLATNOSCI" DATE, 
  "KURSANT_ID" NUMBER(19,0), 
  "KWOTA" NUMBER(19,0)
   ) SEGMENT CREATION IMMEDIATE 
  PCTFREE 10 PCTUSED 40 INITRANS 1 MAXTRANS 255 NOCOMPRESS LOGGING
  STORAGE(INITIAL 65536 NEXT 1048576 MINEXTENTS 1 MAXEXTENTS 2147483645
  PCTINCREASE 0 FREELISTS 1 FREELIST GROUPS 1 BUFFER_POOL DEFAULT FLASH_CACHE DEFAULT CELL_FLASH_CACHE DEFAULT)
  TABLESPACE "USERS" ;
--------------------------------------------------------
--  DDL for Table REZERWACJE
--------------------------------------------------------

  CREATE TABLE "SZKOLAJAZDY"."REZERWACJE" 
   (  "REZERWACJA_ID" NUMBER(19,0), 
  "DATA_DODANIA" DATE, 
  "DATA_REZERWACJI" DATE, 
  "GODZ_ROZPOCZECIA" VARCHAR2(20 CHAR), 
  "INSTRUKTOR_ID" NUMBER(19,0), 
  "KATEGORIA_ID" NUMBER(19,0), 
  "KURSANT_ID" NUMBER(19,0), 
  "USLUGA_ID" NUMBER(19,0)
   ) SEGMENT CREATION IMMEDIATE 
  PCTFREE 10 PCTUSED 40 INITRANS 1 MAXTRANS 255 NOCOMPRESS LOGGING
  STORAGE(INITIAL 65536 NEXT 1048576 MINEXTENTS 1 MAXEXTENTS 2147483645
  PCTINCREASE 0 FREELISTS 1 FREELIST GROUPS 1 BUFFER_POOL DEFAULT FLASH_CACHE DEFAULT CELL_FLASH_CACHE DEFAULT)
  TABLESPACE "USERS" ;
--------------------------------------------------------
--  DDL for Table USLUGI
--------------------------------------------------------

  CREATE TABLE "SZKOLAJAZDY"."USLUGI" 
   (  "USLUGA_ID" NUMBER(19,0), 
  "CENA" NUMBER(19,0), 
  "NAZWA" VARCHAR2(20 CHAR)
   ) SEGMENT CREATION IMMEDIATE 
  PCTFREE 10 PCTUSED 40 INITRANS 1 MAXTRANS 255 NOCOMPRESS LOGGING
  STORAGE(INITIAL 65536 NEXT 1048576 MINEXTENTS 1 MAXEXTENTS 2147483645
  PCTINCREASE 0 FREELISTS 1 FREELIST GROUPS 1 BUFFER_POOL DEFAULT FLASH_CACHE DEFAULT CELL_FLASH_CACHE DEFAULT)
  TABLESPACE "USERS" ;
REM INSERTING into SZKOLAJAZDY.HIBERNATE_SEQUENCES
SET DEFINE OFF;
REM INSERTING into SZKOLAJAZDY.INSTRUKTORZY
SET DEFINE OFF;
Insert into SZKOLAJAZDY.INSTRUKTORZY (INSTRUKTOR_ID,CZY_ADMIN,DATA_DODANIA,EMAIL,GODZ_ROZPOCZECIA,GODZ_ZAKONCZENIA,HASLO,IMIE,NAZWISKO) values ('121','0',to_date('19/06/10','RR/MM/DD'),'paput@wp.pl','6:00','20:00','paput','Adam','Paput');
Insert into SZKOLAJAZDY.INSTRUKTORZY (INSTRUKTOR_ID,CZY_ADMIN,DATA_DODANIA,EMAIL,GODZ_ROZPOCZECIA,GODZ_ZAKONCZENIA,HASLO,IMIE,NAZWISKO) values ('105','1',to_date('19/05/28','RR/MM/DD'),'bben@gmail.com','8:00','18:00','b','Bogdan','Bengal');
Insert into SZKOLAJAZDY.INSTRUKTORZY (INSTRUKTOR_ID,CZY_ADMIN,DATA_DODANIA,EMAIL,GODZ_ROZPOCZECIA,GODZ_ZAKONCZENIA,HASLO,IMIE,NAZWISKO) values ('122','0',to_date('19/06/10','RR/MM/DD'),'borys@onet.pl','12:00','20:00','borys','Wiktor','Borys');
Insert into SZKOLAJAZDY.INSTRUKTORZY (INSTRUKTOR_ID,CZY_ADMIN,DATA_DODANIA,EMAIL,GODZ_ROZPOCZECIA,GODZ_ZAKONCZENIA,HASLO,IMIE,NAZWISKO) values ('30','0',to_date('19/05/26','RR/MM/DD'),'IgorKowalczyk@wp.pl','8:00','10:00','ins','Igor','Kowalczyk');
Insert into SZKOLAJAZDY.INSTRUKTORZY (INSTRUKTOR_ID,CZY_ADMIN,DATA_DODANIA,EMAIL,GODZ_ROZPOCZECIA,GODZ_ZAKONCZENIA,HASLO,IMIE,NAZWISKO) values ('0','1',to_date('19/05/22','RR/MM/DD'),'mateosl@wp.pl','10:00','18:00','test123','Mateusz','Śliwka');
Insert into SZKOLAJAZDY.INSTRUKTORZY (INSTRUKTOR_ID,CZY_ADMIN,DATA_DODANIA,EMAIL,GODZ_ROZPOCZECIA,GODZ_ZAKONCZENIA,HASLO,IMIE,NAZWISKO) values ('46','0',to_date('19/05/26','RR/MM/DD'),'nowak@ad.pl','8:00','18:00','fd','Adam','Nowak');
REM INSERTING into SZKOLAJAZDY.KATEGORIE
SET DEFINE OFF;
Insert into SZKOLAJAZDY.KATEGORIE (KATEGORIA_ID,SYMBOL) values ('200','A');
Insert into SZKOLAJAZDY.KATEGORIE (KATEGORIA_ID,SYMBOL) values ('201','B');
Insert into SZKOLAJAZDY.KATEGORIE (KATEGORIA_ID,SYMBOL) values ('203','C');
Insert into SZKOLAJAZDY.KATEGORIE (KATEGORIA_ID,SYMBOL) values ('204','D');
Insert into SZKOLAJAZDY.KATEGORIE (KATEGORIA_ID,SYMBOL) values ('205','T');
REM INSERTING into SZKOLAJAZDY.KATEGORIE_INSTRUKTOROW
SET DEFINE OFF;
Insert into SZKOLAJAZDY.KATEGORIE_INSTRUKTOROW (ID_WPISU,INSTRUCTOR_ID,KATEGORIA_ID) values ('124','121','201');
Insert into SZKOLAJAZDY.KATEGORIE_INSTRUKTOROW (ID_WPISU,INSTRUCTOR_ID,KATEGORIA_ID) values ('128','30','200');
Insert into SZKOLAJAZDY.KATEGORIE_INSTRUKTOROW (ID_WPISU,INSTRUCTOR_ID,KATEGORIA_ID) values ('130','0','205');
Insert into SZKOLAJAZDY.KATEGORIE_INSTRUKTOROW (ID_WPISU,INSTRUCTOR_ID,KATEGORIA_ID) values ('125','105','200');
Insert into SZKOLAJAZDY.KATEGORIE_INSTRUKTOROW (ID_WPISU,INSTRUCTOR_ID,KATEGORIA_ID) values ('126','105','201');
Insert into SZKOLAJAZDY.KATEGORIE_INSTRUKTOROW (ID_WPISU,INSTRUCTOR_ID,KATEGORIA_ID) values ('131','0','204');
Insert into SZKOLAJAZDY.KATEGORIE_INSTRUKTOROW (ID_WPISU,INSTRUCTOR_ID,KATEGORIA_ID) values ('113','105','204');
Insert into SZKOLAJAZDY.KATEGORIE_INSTRUKTOROW (ID_WPISU,INSTRUCTOR_ID,KATEGORIA_ID) values ('147','121','203');
Insert into SZKOLAJAZDY.KATEGORIE_INSTRUKTOROW (ID_WPISU,INSTRUCTOR_ID,KATEGORIA_ID) values ('127','122','201');
Insert into SZKOLAJAZDY.KATEGORIE_INSTRUKTOROW (ID_WPISU,INSTRUCTOR_ID,KATEGORIA_ID) values ('129','30','201');
REM INSERTING into SZKOLAJAZDY.KURSANCI
SET DEFINE OFF;
Insert into SZKOLAJAZDY.KURSANCI (KURSANT_ID,DATA_REJESTRACJI,EMAIL,HASLO,IMIE,NAZWISKO,PESEL,PKK) values ('124',to_date('19/05/29','RR/MM/DD'),'aakita@o2.pl','aita','Amanda','Akita','128723566','345678727');
Insert into SZKOLAJAZDY.KURSANCI (KURSANT_ID,DATA_REJESTRACJI,EMAIL,HASLO,IMIE,NAZWISKO,PESEL,PKK) values ('187',to_date('19/06/10','RR/MM/DD'),'gebert@vp.pl','ggebb','Adrian','Gebert','6582651422','183624415112');
Insert into SZKOLAJAZDY.KURSANCI (KURSANT_ID,DATA_REJESTRACJI,EMAIL,HASLO,IMIE,NAZWISKO,PESEL,PKK) values ('189',to_date('19/06/10','RR/MM/DD'),'edi1999@gmail.com','haslo','Edward','Borejko','7265184991','762356561123');
Insert into SZKOLAJAZDY.KURSANCI (KURSANT_ID,DATA_REJESTRACJI,EMAIL,HASLO,IMIE,NAZWISKO,PESEL,PKK) values ('190',to_date('19/06/10','RR/MM/DD'),'zbzb007@gmail.com','z','Zbigniew','Morow','883516213','2234235631');
Insert into SZKOLAJAZDY.KURSANCI (KURSANT_ID,DATA_REJESTRACJI,EMAIL,HASLO,IMIE,NAZWISKO,PESEL,PKK) values ('192',to_date('19/06/10','RR/MM/DD'),'email777@onet.pl','aisa','Patryk','Baryłka','8275132214','725432841013');
Insert into SZKOLAJAZDY.KURSANCI (KURSANT_ID,DATA_REJESTRACJI,EMAIL,HASLO,IMIE,NAZWISKO,PESEL,PKK) values ('101',to_date('19/05/27','RR/MM/DD'),'robert11@gmail.com','haslo','Robert','Nowak','945234233','2342224222');
Insert into SZKOLAJAZDY.KURSANCI (KURSANT_ID,DATA_REJESTRACJI,EMAIL,HASLO,IMIE,NAZWISKO,PESEL,PKK) values ('118',to_date('19/05/29','RR/MM/DD'),'dragon1@onet.pl','dragon','Piotr','Piotrkowski','032244233','0465626611');
Insert into SZKOLAJAZDY.KURSANCI (KURSANT_ID,DATA_REJESTRACJI,EMAIL,HASLO,IMIE,NAZWISKO,PESEL,PKK) values ('104',to_date('19/05/28','RR/MM/DD'),'agadrozdowska@wp.pl','a','Agata','Drozdowska','98065342','1937616152');
Insert into SZKOLAJAZDY.KURSANCI (KURSANT_ID,DATA_REJESTRACJI,EMAIL,HASLO,IMIE,NAZWISKO,PESEL,PKK) values ('143',to_date('19/06/10','RR/MM/DD'),'a_sniezka@gmail.com','sniezka','Alicja','Śnieżka','0582736717','259715278281');
Insert into SZKOLAJAZDY.KURSANCI (KURSANT_ID,DATA_REJESTRACJI,EMAIL,HASLO,IMIE,NAZWISKO,PESEL,PKK) values ('144',to_date('19/06/10','RR/MM/DD'),'ww123@wp.pl','haslo','Weronika','Wiltos','026287162','937467286167');
Insert into SZKOLAJAZDY.KURSANCI (KURSANT_ID,DATA_REJESTRACJI,EMAIL,HASLO,IMIE,NAZWISKO,PESEL,PKK) values ('188',to_date('19/06/10','RR/MM/DD'),'celina1232@gmail.com','haslo','Celina','Kwietoń','987102742','9162614321120');
Insert into SZKOLAJAZDY.KURSANCI (KURSANT_ID,DATA_REJESTRACJI,EMAIL,HASLO,IMIE,NAZWISKO,PESEL,PKK) values ('102',to_date('19/05/27','RR/MM/DD'),'jkurpiel@wp.pl','jadwiga','Jadwiga','Kurpiel','9928238181','2242335769');
Insert into SZKOLAJAZDY.KURSANCI (KURSANT_ID,DATA_REJESTRACJI,EMAIL,HASLO,IMIE,NAZWISKO,PESEL,PKK) values ('191',to_date('19/06/10','RR/MM/DD'),'kkasia@wp.pl','kasia','Katarzyna','Kubacka','9451631172','893422365467');
Insert into SZKOLAJAZDY.KURSANCI (KURSANT_ID,DATA_REJESTRACJI,EMAIL,HASLO,IMIE,NAZWISKO,PESEL,PKK) values ('60',to_date('19/05/27','RR/MM/DD'),'aw100@gmail.com','aw100','Aleksander','Woźniak','97652094','274608654248');
Insert into SZKOLAJAZDY.KURSANCI (KURSANT_ID,DATA_REJESTRACJI,EMAIL,HASLO,IMIE,NAZWISKO,PESEL,PKK) values ('142',to_date('19/06/10','RR/MM/DD'),'kowalski@onet.pl','kowal','Marcin','Kowalski','982345129','3616739028');
Insert into SZKOLAJAZDY.KURSANCI (KURSANT_ID,DATA_REJESTRACJI,EMAIL,HASLO,IMIE,NAZWISKO,PESEL,PKK) values ('123',to_date('19/05/29','RR/MM/DD'),'berlo11@gmail.com','berlo','Dominika','Berło','9381736272','39345210844');
REM INSERTING into SZKOLAJAZDY.PLATNOSCI
SET DEFINE OFF;
Insert into SZKOLAJAZDY.PLATNOSCI (PLATNOSC_ID,DATA_PLATNOSCI,KURSANT_ID,KWOTA) values ('141',to_date('19/06/10','RR/MM/DD'),'60','120');
Insert into SZKOLAJAZDY.PLATNOSCI (PLATNOSC_ID,DATA_PLATNOSCI,KURSANT_ID,KWOTA) values ('154',to_date('19/06/10','RR/MM/DD'),'104','1200');
Insert into SZKOLAJAZDY.PLATNOSCI (PLATNOSC_ID,DATA_PLATNOSCI,KURSANT_ID,KWOTA) values ('194',to_date('19/06/10','RR/MM/DD'),'189','200');
Insert into SZKOLAJAZDY.PLATNOSCI (PLATNOSC_ID,DATA_PLATNOSCI,KURSANT_ID,KWOTA) values ('199',to_date('19/06/10','RR/MM/DD'),'191','450');
Insert into SZKOLAJAZDY.PLATNOSCI (PLATNOSC_ID,DATA_PLATNOSCI,KURSANT_ID,KWOTA) values ('200',to_date('19/06/10','RR/MM/DD'),'191','300');
Insert into SZKOLAJAZDY.PLATNOSCI (PLATNOSC_ID,DATA_PLATNOSCI,KURSANT_ID,KWOTA) values ('153',to_date('19/06/10','RR/MM/DD'),'118','200');
Insert into SZKOLAJAZDY.PLATNOSCI (PLATNOSC_ID,DATA_PLATNOSCI,KURSANT_ID,KWOTA) values ('193',to_date('19/06/10','RR/MM/DD'),'187','120');
Insert into SZKOLAJAZDY.PLATNOSCI (PLATNOSC_ID,DATA_PLATNOSCI,KURSANT_ID,KWOTA) values ('198',to_date('19/06/10','RR/MM/DD'),'192','500');
Insert into SZKOLAJAZDY.PLATNOSCI (PLATNOSC_ID,DATA_PLATNOSCI,KURSANT_ID,KWOTA) values ('152',to_date('19/06/10','RR/MM/DD'),'101','1000');
Insert into SZKOLAJAZDY.PLATNOSCI (PLATNOSC_ID,DATA_PLATNOSCI,KURSANT_ID,KWOTA) values ('159',to_date('19/06/10','RR/MM/DD'),'142','100');
Insert into SZKOLAJAZDY.PLATNOSCI (PLATNOSC_ID,DATA_PLATNOSCI,KURSANT_ID,KWOTA) values ('197',to_date('19/06/10','RR/MM/DD'),'188','230');
Insert into SZKOLAJAZDY.PLATNOSCI (PLATNOSC_ID,DATA_PLATNOSCI,KURSANT_ID,KWOTA) values ('158',to_date('19/06/10','RR/MM/DD'),'123','1000');
Insert into SZKOLAJAZDY.PLATNOSCI (PLATNOSC_ID,DATA_PLATNOSCI,KURSANT_ID,KWOTA) values ('196',to_date('19/06/10','RR/MM/DD'),'118','70');
Insert into SZKOLAJAZDY.PLATNOSCI (PLATNOSC_ID,DATA_PLATNOSCI,KURSANT_ID,KWOTA) values ('155',to_date('19/06/10','RR/MM/DD'),'102','1000');
Insert into SZKOLAJAZDY.PLATNOSCI (PLATNOSC_ID,DATA_PLATNOSCI,KURSANT_ID,KWOTA) values ('156',to_date('19/06/10','RR/MM/DD'),'60','2500');
Insert into SZKOLAJAZDY.PLATNOSCI (PLATNOSC_ID,DATA_PLATNOSCI,KURSANT_ID,KWOTA) values ('157',to_date('19/06/10','RR/MM/DD'),'102','400');
Insert into SZKOLAJAZDY.PLATNOSCI (PLATNOSC_ID,DATA_PLATNOSCI,KURSANT_ID,KWOTA) values ('195',to_date('19/06/10','RR/MM/DD'),'190','920');
REM INSERTING into SZKOLAJAZDY.REZERWACJE
SET DEFINE OFF;
Insert into SZKOLAJAZDY.REZERWACJE (REZERWACJA_ID,DATA_DODANIA,DATA_REZERWACJI,GODZ_ROZPOCZECIA,INSTRUKTOR_ID,KATEGORIA_ID,KURSANT_ID,USLUGA_ID) values ('123',to_date('19/06/10','RR/MM/DD'),to_date('19/07/01','RR/MM/DD'),'8','105','200','189','138');
Insert into SZKOLAJAZDY.REZERWACJE (REZERWACJA_ID,DATA_DODANIA,DATA_REZERWACJI,GODZ_ROZPOCZECIA,INSTRUKTOR_ID,KATEGORIA_ID,KURSANT_ID,USLUGA_ID) values ('148',to_date('19/06/10','RR/MM/DD'),to_date('19/06/06','RR/MM/DD'),'13','105','200','60','140');
Insert into SZKOLAJAZDY.REZERWACJE (REZERWACJA_ID,DATA_DODANIA,DATA_REZERWACJI,GODZ_ROZPOCZECIA,INSTRUKTOR_ID,KATEGORIA_ID,KURSANT_ID,USLUGA_ID) values ('168',to_date('19/06/10','RR/MM/DD'),to_date('19/06/06','RR/MM/DD'),'6','30','201','124','167');
Insert into SZKOLAJAZDY.REZERWACJE (REZERWACJA_ID,DATA_DODANIA,DATA_REZERWACJI,GODZ_ROZPOCZECIA,INSTRUKTOR_ID,KATEGORIA_ID,KURSANT_ID,USLUGA_ID) values ('184',to_date('19/06/10','RR/MM/DD'),to_date('19/06/05','RR/MM/DD'),'17','30','201','102','140');
Insert into SZKOLAJAZDY.REZERWACJE (REZERWACJA_ID,DATA_DODANIA,DATA_REZERWACJI,GODZ_ROZPOCZECIA,INSTRUKTOR_ID,KATEGORIA_ID,KURSANT_ID,USLUGA_ID) values ('202',to_date('19/06/10','RR/MM/DD'),to_date('19/06/07','RR/MM/DD'),'12','0','204','189','140');
Insert into SZKOLAJAZDY.REZERWACJE (REZERWACJA_ID,DATA_DODANIA,DATA_REZERWACJI,GODZ_ROZPOCZECIA,INSTRUKTOR_ID,KATEGORIA_ID,KURSANT_ID,USLUGA_ID) values ('210',to_date('19/06/10','RR/MM/DD'),to_date('19/07/04','RR/MM/DD'),'10','121','203','101','138');
Insert into SZKOLAJAZDY.REZERWACJE (REZERWACJA_ID,DATA_DODANIA,DATA_REZERWACJI,GODZ_ROZPOCZECIA,INSTRUKTOR_ID,KATEGORIA_ID,KURSANT_ID,USLUGA_ID) values ('150',to_date('19/06/10','RR/MM/DD'),to_date('19/06/03','RR/MM/DD'),'6','30','200','101','136');
Insert into SZKOLAJAZDY.REZERWACJE (REZERWACJA_ID,DATA_DODANIA,DATA_REZERWACJI,GODZ_ROZPOCZECIA,INSTRUKTOR_ID,KATEGORIA_ID,KURSANT_ID,USLUGA_ID) values ('182',to_date('19/06/10','RR/MM/DD'),to_date('19/06/11','RR/MM/DD'),'17','0','205','142','136');
Insert into SZKOLAJAZDY.REZERWACJE (REZERWACJA_ID,DATA_DODANIA,DATA_REZERWACJI,GODZ_ROZPOCZECIA,INSTRUKTOR_ID,KATEGORIA_ID,KURSANT_ID,USLUGA_ID) values ('185',to_date('19/06/10','RR/MM/DD'),to_date('19/07/04','RR/MM/DD'),'9','121','201','124','163');
Insert into SZKOLAJAZDY.REZERWACJE (REZERWACJA_ID,DATA_DODANIA,DATA_REZERWACJI,GODZ_ROZPOCZECIA,INSTRUKTOR_ID,KATEGORIA_ID,KURSANT_ID,USLUGA_ID) values ('207',to_date('19/06/10','RR/MM/DD'),to_date('19/07/05','RR/MM/DD'),'18','122','201','188','167');
Insert into SZKOLAJAZDY.REZERWACJE (REZERWACJA_ID,DATA_DODANIA,DATA_REZERWACJI,GODZ_ROZPOCZECIA,INSTRUKTOR_ID,KATEGORIA_ID,KURSANT_ID,USLUGA_ID) values ('209',to_date('19/06/10','RR/MM/DD'),to_date('19/05/31','RR/MM/DD'),'19','105','200','124','136');
Insert into SZKOLAJAZDY.REZERWACJE (REZERWACJA_ID,DATA_DODANIA,DATA_REZERWACJI,GODZ_ROZPOCZECIA,INSTRUKTOR_ID,KATEGORIA_ID,KURSANT_ID,USLUGA_ID) values ('215',to_date('19/06/10','RR/MM/DD'),to_date('19/06/28','RR/MM/DD'),'6','105','200','60','167');
Insert into SZKOLAJAZDY.REZERWACJE (REZERWACJA_ID,DATA_DODANIA,DATA_REZERWACJI,GODZ_ROZPOCZECIA,INSTRUKTOR_ID,KATEGORIA_ID,KURSANT_ID,USLUGA_ID) values ('145',to_date('19/06/10','RR/MM/DD'),to_date('19/06/02','RR/MM/DD'),'9','121','201','124','135');
Insert into SZKOLAJAZDY.REZERWACJE (REZERWACJA_ID,DATA_DODANIA,DATA_REZERWACJI,GODZ_ROZPOCZECIA,INSTRUKTOR_ID,KATEGORIA_ID,KURSANT_ID,USLUGA_ID) values ('212',to_date('19/06/10','RR/MM/DD'),to_date('19/07/03','RR/MM/DD'),'7','121','201','190','138');
Insert into SZKOLAJAZDY.REZERWACJE (REZERWACJA_ID,DATA_DODANIA,DATA_REZERWACJI,GODZ_ROZPOCZECIA,INSTRUKTOR_ID,KATEGORIA_ID,KURSANT_ID,USLUGA_ID) values ('204',to_date('19/06/10','RR/MM/DD'),to_date('19/06/06','RR/MM/DD'),'18','121','203','142','135');
Insert into SZKOLAJAZDY.REZERWACJE (REZERWACJA_ID,DATA_DODANIA,DATA_REZERWACJI,GODZ_ROZPOCZECIA,INSTRUKTOR_ID,KATEGORIA_ID,KURSANT_ID,USLUGA_ID) values ('181',to_date('19/06/10','RR/MM/DD'),to_date('19/06/04','RR/MM/DD'),'22','122','201','101','135');
Insert into SZKOLAJAZDY.REZERWACJE (REZERWACJA_ID,DATA_DODANIA,DATA_REZERWACJI,GODZ_ROZPOCZECIA,INSTRUKTOR_ID,KATEGORIA_ID,KURSANT_ID,USLUGA_ID) values ('183',to_date('19/06/10','RR/MM/DD'),to_date('19/06/03','RR/MM/DD'),'10','30','200','144','138');
Insert into SZKOLAJAZDY.REZERWACJE (REZERWACJA_ID,DATA_DODANIA,DATA_REZERWACJI,GODZ_ROZPOCZECIA,INSTRUKTOR_ID,KATEGORIA_ID,KURSANT_ID,USLUGA_ID) values ('205',to_date('19/06/10','RR/MM/DD'),to_date('19/06/06','RR/MM/DD'),'9','121','201','192','166');
Insert into SZKOLAJAZDY.REZERWACJE (REZERWACJA_ID,DATA_DODANIA,DATA_REZERWACJI,GODZ_ROZPOCZECIA,INSTRUKTOR_ID,KATEGORIA_ID,KURSANT_ID,USLUGA_ID) values ('213',to_date('19/06/10','RR/MM/DD'),to_date('19/08/05','RR/MM/DD'),'6','30','200','60','135');
Insert into SZKOLAJAZDY.REZERWACJE (REZERWACJA_ID,DATA_DODANIA,DATA_REZERWACJI,GODZ_ROZPOCZECIA,INSTRUKTOR_ID,KATEGORIA_ID,KURSANT_ID,USLUGA_ID) values ('216',to_date('19/06/10','RR/MM/DD'),to_date('19/06/12','RR/MM/DD'),'20','105','201','143','165');
Insert into SZKOLAJAZDY.REZERWACJE (REZERWACJA_ID,DATA_DODANIA,DATA_REZERWACJI,GODZ_ROZPOCZECIA,INSTRUKTOR_ID,KATEGORIA_ID,KURSANT_ID,USLUGA_ID) values ('201',to_date('19/06/10','RR/MM/DD'),to_date('19/06/05','RR/MM/DD'),'15','105','201','187','167');
Insert into SZKOLAJAZDY.REZERWACJE (REZERWACJA_ID,DATA_DODANIA,DATA_REZERWACJI,GODZ_ROZPOCZECIA,INSTRUKTOR_ID,KATEGORIA_ID,KURSANT_ID,USLUGA_ID) values ('203',to_date('19/06/10','RR/MM/DD'),to_date('19/06/06','RR/MM/DD'),'18','0','205','190','163');
Insert into SZKOLAJAZDY.REZERWACJE (REZERWACJA_ID,DATA_DODANIA,DATA_REZERWACJI,GODZ_ROZPOCZECIA,INSTRUKTOR_ID,KATEGORIA_ID,KURSANT_ID,USLUGA_ID) values ('169',to_date('19/06/10','RR/MM/DD'),to_date('19/07/07','RR/MM/DD'),'11','105','200','104','163');
Insert into SZKOLAJAZDY.REZERWACJE (REZERWACJA_ID,DATA_DODANIA,DATA_REZERWACJI,GODZ_ROZPOCZECIA,INSTRUKTOR_ID,KATEGORIA_ID,KURSANT_ID,USLUGA_ID) values ('170',to_date('19/06/10','RR/MM/DD'),to_date('19/07/05','RR/MM/DD'),'11','105','201','60','165');
Insert into SZKOLAJAZDY.REZERWACJE (REZERWACJA_ID,DATA_DODANIA,DATA_REZERWACJI,GODZ_ROZPOCZECIA,INSTRUKTOR_ID,KATEGORIA_ID,KURSANT_ID,USLUGA_ID) values ('206',to_date('19/06/10','RR/MM/DD'),to_date('19/07/06','RR/MM/DD'),'11','30','200','118','136');
Insert into SZKOLAJAZDY.REZERWACJE (REZERWACJA_ID,DATA_DODANIA,DATA_REZERWACJI,GODZ_ROZPOCZECIA,INSTRUKTOR_ID,KATEGORIA_ID,KURSANT_ID,USLUGA_ID) values ('214',to_date('19/06/10','RR/MM/DD'),to_date('19/06/30','RR/MM/DD'),'10','105','200','60','166');
Insert into SZKOLAJAZDY.REZERWACJE (REZERWACJA_ID,DATA_DODANIA,DATA_REZERWACJI,GODZ_ROZPOCZECIA,INSTRUKTOR_ID,KATEGORIA_ID,KURSANT_ID,USLUGA_ID) values ('217',to_date('19/06/10','RR/MM/DD'),to_date('19/07/06','RR/MM/DD'),'20','105','200','60','136');
Insert into SZKOLAJAZDY.REZERWACJE (REZERWACJA_ID,DATA_DODANIA,DATA_REZERWACJI,GODZ_ROZPOCZECIA,INSTRUKTOR_ID,KATEGORIA_ID,KURSANT_ID,USLUGA_ID) values ('186',to_date('19/06/10','RR/MM/DD'),to_date('19/06/05','RR/MM/DD'),'10','46','201','123','136');
Insert into SZKOLAJAZDY.REZERWACJE (REZERWACJA_ID,DATA_DODANIA,DATA_REZERWACJI,GODZ_ROZPOCZECIA,INSTRUKTOR_ID,KATEGORIA_ID,KURSANT_ID,USLUGA_ID) values ('208',to_date('19/06/10','RR/MM/DD'),to_date('19/06/05','RR/MM/DD'),'11','46','201','191','163');
Insert into SZKOLAJAZDY.REZERWACJE (REZERWACJA_ID,DATA_DODANIA,DATA_REZERWACJI,GODZ_ROZPOCZECIA,INSTRUKTOR_ID,KATEGORIA_ID,KURSANT_ID,USLUGA_ID) values ('149',to_date('19/06/10','RR/MM/DD'),to_date('19/06/04','RR/MM/DD'),'11','46','201','143','136');
Insert into SZKOLAJAZDY.REZERWACJE (REZERWACJA_ID,DATA_DODANIA,DATA_REZERWACJI,GODZ_ROZPOCZECIA,INSTRUKTOR_ID,KATEGORIA_ID,KURSANT_ID,USLUGA_ID) values ('211',to_date('19/06/10','RR/MM/DD'),to_date('19/06/04','RR/MM/DD'),'18','46','201','188','140');
Insert into SZKOLAJAZDY.REZERWACJE (REZERWACJA_ID,DATA_DODANIA,DATA_REZERWACJI,GODZ_ROZPOCZECIA,INSTRUKTOR_ID,KATEGORIA_ID,KURSANT_ID,USLUGA_ID) values ('122',to_date('19/06/10','RR/MM/DD'),to_date('19/06/14','RR/MM/DD'),'12','0','204','124','138');
REM INSERTING into SZKOLAJAZDY.USLUGI
SET DEFINE OFF;
Insert into SZKOLAJAZDY.USLUGI (USLUGA_ID,CENA,NAZWA) values ('135','100','Pierwsza pomoc');
Insert into SZKOLAJAZDY.USLUGI (USLUGA_ID,CENA,NAZWA) values ('138','200','Szkolenie praktyczne');
Insert into SZKOLAJAZDY.USLUGI (USLUGA_ID,CENA,NAZWA) values ('140','50','Jazda w ramach kursu');
Insert into SZKOLAJAZDY.USLUGI (USLUGA_ID,CENA,NAZWA) values ('165','50','Dojazd na egzamin');
Insert into SZKOLAJAZDY.USLUGI (USLUGA_ID,CENA,NAZWA) values ('167','40','Egzamin próbny');
Insert into SZKOLAJAZDY.USLUGI (USLUGA_ID,CENA,NAZWA) values ('163','40','Szkolenie na torze');
Insert into SZKOLAJAZDY.USLUGI (USLUGA_ID,CENA,NAZWA) values ('136','45','Dodatkowa jazda');
Insert into SZKOLAJAZDY.USLUGI (USLUGA_ID,CENA,NAZWA) values ('166','50','Szkolenie w mieście');
--------------------------------------------------------
--  DDL for Function CUSTOM_AUTH
--------------------------------------------------------

  CREATE OR REPLACE FUNCTION "SZKOLAJAZDY"."CUSTOM_AUTH" (p_username in VARCHAR2, p_password in VARCHAR2)
return BOOLEAN
is
  l_password varchar2(4000);
  l_stored_password varchar2(4000);
  l_expires_on date;
  l_count number;
begin
-- First, check to see if the user is in the user table
select count(*) into l_count from demo_users where user_name = p_username;
if l_count > 0 then
  -- First, we fetch the stored hashed password & expire date
  select password, expires_on into l_stored_password, l_expires_on
   from demo_users where user_name = p_username;

  -- Next, we check to see if the user's account is expired
  -- If it is, return FALSE
  if l_expires_on > sysdate or l_expires_on is null then

    -- If the account is not expired, we have to apply the custom hash
    -- function to the password
    l_password := custom_hash(p_username, p_password);

    -- Finally, we compare them to see if they are the same and return
    -- either TRUE or FALSE
    if l_password = l_stored_password then
      return true;
    else
      return false;
    end if;
  else
    return false;
  end if;
else
  -- The username provided is not in the DEMO_USERS table
  return false;
end if;
end;




/
--------------------------------------------------------
--  DDL for Function CUSTOM_HASH
--------------------------------------------------------

  CREATE OR REPLACE FUNCTION "SZKOLAJAZDY"."CUSTOM_HASH" (p_username in varchar2, p_password in varchar2)
return varchar2
is
  l_password varchar2(4000);
  l_salt varchar2(4000) := 'JDJZJY66PR1TL9O0A9M0A99FCQKC4S';
begin

-- This function should be wrapped, as the hash algorhythm is exposed here.
-- You can change the value of l_salt or the method of which to call the
-- DBMS_OBFUSCATOIN toolkit, but you much reset all of your passwords
-- if you choose to do this.

l_password := utl_raw.cast_to_raw(dbms_obfuscation_toolkit.md5
  (input_string => p_password || substr(l_salt,10,13) || p_username ||
    substr(l_salt, 4,10)));
return l_password;
end;




/
--------------------------------------------------------
--  Constraints for Table INSTRUKTORZY
--------------------------------------------------------

  ALTER TABLE "SZKOLAJAZDY"."INSTRUKTORZY" MODIFY ("INSTRUKTOR_ID" NOT NULL ENABLE);
  ALTER TABLE "SZKOLAJAZDY"."INSTRUKTORZY" MODIFY ("CZY_ADMIN" NOT NULL ENABLE);
  ALTER TABLE "SZKOLAJAZDY"."INSTRUKTORZY" MODIFY ("EMAIL" NOT NULL ENABLE);
  ALTER TABLE "SZKOLAJAZDY"."INSTRUKTORZY" MODIFY ("GODZ_ROZPOCZECIA" NOT NULL ENABLE);
  ALTER TABLE "SZKOLAJAZDY"."INSTRUKTORZY" MODIFY ("HASLO" NOT NULL ENABLE);
  ALTER TABLE "SZKOLAJAZDY"."INSTRUKTORZY" MODIFY ("IMIE" NOT NULL ENABLE);
  ALTER TABLE "SZKOLAJAZDY"."INSTRUKTORZY" MODIFY ("NAZWISKO" NOT NULL ENABLE);
  ALTER TABLE "SZKOLAJAZDY"."INSTRUKTORZY" ADD PRIMARY KEY ("INSTRUKTOR_ID")
  USING INDEX PCTFREE 10 INITRANS 2 MAXTRANS 255 COMPUTE STATISTICS 
  STORAGE(INITIAL 65536 NEXT 1048576 MINEXTENTS 1 MAXEXTENTS 2147483645
  PCTINCREASE 0 FREELISTS 1 FREELIST GROUPS 1 BUFFER_POOL DEFAULT FLASH_CACHE DEFAULT CELL_FLASH_CACHE DEFAULT)
  TABLESPACE "USERS"  ENABLE;
--------------------------------------------------------
--  Constraints for Table HIBERNATE_SEQUENCES
--------------------------------------------------------

  ALTER TABLE "SZKOLAJAZDY"."HIBERNATE_SEQUENCES" MODIFY ("SEQUENCE_NAME" NOT NULL ENABLE);
  ALTER TABLE "SZKOLAJAZDY"."HIBERNATE_SEQUENCES" ADD PRIMARY KEY ("SEQUENCE_NAME")
  USING INDEX PCTFREE 10 INITRANS 2 MAXTRANS 255 COMPUTE STATISTICS 
  STORAGE(INITIAL 65536 NEXT 1048576 MINEXTENTS 1 MAXEXTENTS 2147483645
  PCTINCREASE 0 FREELISTS 1 FREELIST GROUPS 1 BUFFER_POOL DEFAULT FLASH_CACHE DEFAULT CELL_FLASH_CACHE DEFAULT)
  TABLESPACE "USERS"  ENABLE;
--------------------------------------------------------
--  Constraints for Table USLUGI
--------------------------------------------------------

  ALTER TABLE "SZKOLAJAZDY"."USLUGI" MODIFY ("USLUGA_ID" NOT NULL ENABLE);
  ALTER TABLE "SZKOLAJAZDY"."USLUGI" MODIFY ("NAZWA" NOT NULL ENABLE);
  ALTER TABLE "SZKOLAJAZDY"."USLUGI" ADD PRIMARY KEY ("USLUGA_ID")
  USING INDEX PCTFREE 10 INITRANS 2 MAXTRANS 255 COMPUTE STATISTICS 
  STORAGE(INITIAL 65536 NEXT 1048576 MINEXTENTS 1 MAXEXTENTS 2147483645
  PCTINCREASE 0 FREELISTS 1 FREELIST GROUPS 1 BUFFER_POOL DEFAULT FLASH_CACHE DEFAULT CELL_FLASH_CACHE DEFAULT)
  TABLESPACE "USERS"  ENABLE;
--------------------------------------------------------
--  Constraints for Table REZERWACJE
--------------------------------------------------------

  ALTER TABLE "SZKOLAJAZDY"."REZERWACJE" MODIFY ("REZERWACJA_ID" NOT NULL ENABLE);
  ALTER TABLE "SZKOLAJAZDY"."REZERWACJE" MODIFY ("DATA_DODANIA" NOT NULL ENABLE);
  ALTER TABLE "SZKOLAJAZDY"."REZERWACJE" MODIFY ("DATA_REZERWACJI" NOT NULL ENABLE);
  ALTER TABLE "SZKOLAJAZDY"."REZERWACJE" MODIFY ("GODZ_ROZPOCZECIA" NOT NULL ENABLE);
  ALTER TABLE "SZKOLAJAZDY"."REZERWACJE" MODIFY ("INSTRUKTOR_ID" NOT NULL ENABLE);
  ALTER TABLE "SZKOLAJAZDY"."REZERWACJE" MODIFY ("KATEGORIA_ID" NOT NULL ENABLE);
  ALTER TABLE "SZKOLAJAZDY"."REZERWACJE" MODIFY ("KURSANT_ID" NOT NULL ENABLE);
  ALTER TABLE "SZKOLAJAZDY"."REZERWACJE" MODIFY ("USLUGA_ID" NOT NULL ENABLE);
  ALTER TABLE "SZKOLAJAZDY"."REZERWACJE" ADD CONSTRAINT "REZERWACJAID" PRIMARY KEY ("REZERWACJA_ID")
  USING INDEX PCTFREE 10 INITRANS 2 MAXTRANS 255 COMPUTE STATISTICS 
  STORAGE(INITIAL 65536 NEXT 1048576 MINEXTENTS 1 MAXEXTENTS 2147483645
  PCTINCREASE 0 FREELISTS 1 FREELIST GROUPS 1 BUFFER_POOL DEFAULT FLASH_CACHE DEFAULT CELL_FLASH_CACHE DEFAULT)
  TABLESPACE "USERS"  ENABLE;
--------------------------------------------------------
--  Constraints for Table KATEGORIE_INSTRUKTOROW
--------------------------------------------------------

  ALTER TABLE "SZKOLAJAZDY"."KATEGORIE_INSTRUKTOROW" MODIFY ("ID_WPISU" NOT NULL ENABLE);
  ALTER TABLE "SZKOLAJAZDY"."KATEGORIE_INSTRUKTOROW" MODIFY ("INSTRUCTOR_ID" NOT NULL ENABLE);
  ALTER TABLE "SZKOLAJAZDY"."KATEGORIE_INSTRUKTOROW" MODIFY ("KATEGORIA_ID" NOT NULL ENABLE);
  ALTER TABLE "SZKOLAJAZDY"."KATEGORIE_INSTRUKTOROW" ADD CONSTRAINT "ID_WPISU" PRIMARY KEY ("ID_WPISU")
  USING INDEX PCTFREE 10 INITRANS 2 MAXTRANS 255 COMPUTE STATISTICS 
  STORAGE(INITIAL 65536 NEXT 1048576 MINEXTENTS 1 MAXEXTENTS 2147483645
  PCTINCREASE 0 FREELISTS 1 FREELIST GROUPS 1 BUFFER_POOL DEFAULT FLASH_CACHE DEFAULT CELL_FLASH_CACHE DEFAULT)
  TABLESPACE "USERS"  ENABLE;
--------------------------------------------------------
--  Constraints for Table KATEGORIE
--------------------------------------------------------

  ALTER TABLE "SZKOLAJAZDY"."KATEGORIE" MODIFY ("KATEGORIA_ID" NOT NULL ENABLE);
  ALTER TABLE "SZKOLAJAZDY"."KATEGORIE" ADD PRIMARY KEY ("KATEGORIA_ID")
  USING INDEX PCTFREE 10 INITRANS 2 MAXTRANS 255 COMPUTE STATISTICS 
  STORAGE(INITIAL 65536 NEXT 1048576 MINEXTENTS 1 MAXEXTENTS 2147483645
  PCTINCREASE 0 FREELISTS 1 FREELIST GROUPS 1 BUFFER_POOL DEFAULT FLASH_CACHE DEFAULT CELL_FLASH_CACHE DEFAULT)
  TABLESPACE "USERS"  ENABLE;
--------------------------------------------------------
--  Constraints for Table KURSANCI
--------------------------------------------------------

  ALTER TABLE "SZKOLAJAZDY"."KURSANCI" MODIFY ("KURSANT_ID" NOT NULL ENABLE);
  ALTER TABLE "SZKOLAJAZDY"."KURSANCI" MODIFY ("EMAIL" NOT NULL ENABLE);
  ALTER TABLE "SZKOLAJAZDY"."KURSANCI" MODIFY ("HASLO" NOT NULL ENABLE);
  ALTER TABLE "SZKOLAJAZDY"."KURSANCI" MODIFY ("IMIE" NOT NULL ENABLE);
  ALTER TABLE "SZKOLAJAZDY"."KURSANCI" MODIFY ("NAZWISKO" NOT NULL ENABLE);
  ALTER TABLE "SZKOLAJAZDY"."KURSANCI" ADD PRIMARY KEY ("KURSANT_ID")
  USING INDEX PCTFREE 10 INITRANS 2 MAXTRANS 255 COMPUTE STATISTICS 
  STORAGE(INITIAL 65536 NEXT 1048576 MINEXTENTS 1 MAXEXTENTS 2147483645
  PCTINCREASE 0 FREELISTS 1 FREELIST GROUPS 1 BUFFER_POOL DEFAULT FLASH_CACHE DEFAULT CELL_FLASH_CACHE DEFAULT)
  TABLESPACE "USERS"  ENABLE;
--------------------------------------------------------
--  Constraints for Table PLATNOSCI
--------------------------------------------------------

  ALTER TABLE "SZKOLAJAZDY"."PLATNOSCI" MODIFY ("PLATNOSC_ID" NOT NULL ENABLE);
  ALTER TABLE "SZKOLAJAZDY"."PLATNOSCI" MODIFY ("KURSANT_ID" NOT NULL ENABLE);
  ALTER TABLE "SZKOLAJAZDY"."PLATNOSCI" ADD CONSTRAINT "PLATNOSC_ID" PRIMARY KEY ("PLATNOSC_ID")
  USING INDEX PCTFREE 10 INITRANS 2 MAXTRANS 255 COMPUTE STATISTICS 
  STORAGE(INITIAL 65536 NEXT 1048576 MINEXTENTS 1 MAXEXTENTS 2147483645
  PCTINCREASE 0 FREELISTS 1 FREELIST GROUPS 1 BUFFER_POOL DEFAULT FLASH_CACHE DEFAULT CELL_FLASH_CACHE DEFAULT)
  TABLESPACE "USERS"  ENABLE;
--------------------------------------------------------
--  Ref Constraints for Table KATEGORIE_INSTRUKTOROW
--------------------------------------------------------

  ALTER TABLE "SZKOLAJAZDY"."KATEGORIE_INSTRUKTOROW" ADD CONSTRAINT "INSTRUCTOR_ID" FOREIGN KEY ("INSTRUCTOR_ID")
    REFERENCES "SZKOLAJAZDY"."INSTRUKTORZY" ("INSTRUKTOR_ID") ENABLE;
  ALTER TABLE "SZKOLAJAZDY"."KATEGORIE_INSTRUKTOROW" ADD CONSTRAINT "KATEGORIA_ID" FOREIGN KEY ("KATEGORIA_ID")
    REFERENCES "SZKOLAJAZDY"."KATEGORIE" ("KATEGORIA_ID") ENABLE;
--------------------------------------------------------
--  Ref Constraints for Table PLATNOSCI
--------------------------------------------------------

  ALTER TABLE "SZKOLAJAZDY"."PLATNOSCI" ADD CONSTRAINT "KURSANT_ID" FOREIGN KEY ("KURSANT_ID")
    REFERENCES "SZKOLAJAZDY"."KURSANCI" ("KURSANT_ID") ENABLE;
--------------------------------------------------------
--  Ref Constraints for Table REZERWACJE
--------------------------------------------------------

  ALTER TABLE "SZKOLAJAZDY"."REZERWACJE" ADD CONSTRAINT "INSTRUKTORID" FOREIGN KEY ("INSTRUKTOR_ID")
    REFERENCES "SZKOLAJAZDY"."INSTRUKTORZY" ("INSTRUKTOR_ID") ENABLE;
  ALTER TABLE "SZKOLAJAZDY"."REZERWACJE" ADD CONSTRAINT "KATEGORIAID" FOREIGN KEY ("KATEGORIA_ID")
    REFERENCES "SZKOLAJAZDY"."KATEGORIE" ("KATEGORIA_ID") ENABLE;
  ALTER TABLE "SZKOLAJAZDY"."REZERWACJE" ADD CONSTRAINT "KURSANTAID" FOREIGN KEY ("KURSANT_ID")
    REFERENCES "SZKOLAJAZDY"."KURSANCI" ("KURSANT_ID") ENABLE;
  ALTER TABLE "SZKOLAJAZDY"."REZERWACJE" ADD CONSTRAINT "USLUGAID" FOREIGN KEY ("USLUGA_ID")
    REFERENCES "SZKOLAJAZDY"."USLUGI" ("USLUGA_ID") ENABLE;